,date,mouse age,mouseID,slice,Valid,genotype,Sex,recording,protocol,duration,comments,temperature,recovery solution,Sampling Rate,recording solution,Perfusion speed,visible areas,dissection,slice type,file_name,path,image_path,harp,comments about slice
0,28.10.24,P14,1,slice1,WAHR,wt,?,1.0,5-10-10,5.0,spikes and LFPs,36.0,sucrose,10KhZ,0Mg,"1,5",,Stefano,coronal,2024-10-28T11-20-06slice1,28-10-24/slice1,,OPEN,"slice name in the filename is arbitrary (see dates, times or folders)"
1,28.10.24,P14,1,slice1,WAHR,wt,?,2.0,5-10-10,10.0,spikes and LFPs,36.0,sucrose,10KhZ,0Mg,"1,5",,Stefano,coronal,2024-10-28T11-30-32slice1,28-10-24/slice1,,OPEN,
2,28.10.24,P14,1,slice1,WAHR,wt,?,3.0,5-10-10,10.0,spikes and LFPs,36.0,sucrose,10KhZ,0Mg,"1,5",,Stefano,coronal,2024-10-28T11-58-02slice1,28-10-24/slice1,,OPEN,
3,28.10.24,P14,1,slice2,WAHR,wt,?,1.0,5-10-10,5.0,spikes and LFPs,36.0,sucrose,10KhZ,0Mg,"1,5",,Stefano,coronal,2024-10-28T12-21-14slice2,28-10-24/slice2,,OPEN,
4,28.10.24,P14,1,slice2,WAHR,wt,?,2.0,5-10-10,10.0,spikes and LFPs,36.0,sucrose,10KhZ,0Mg,"1,5",,Stefano,coronal,2024-10-28T12-35-01slice2,28-10-24/slice2,,OPEN,
5,28.10.24,P14,1,slice2,WAHR,wt,?,3.0,5-10-10,10.0,spikes and LFPs,36.0,sucrose,10KhZ,0Mg,"1,5",,Stefano,coronal,2024-10-28T12-52-04slice2,28-10-24/slice2,,OPEN,
6,28.10.24,P14,1,slice3,FALSCH,wt,?,1.0,5-10-10,5.0,aborted ,36.0,sucrose,10KhZ,0Mg,"1,5",,Stefano,coronal,2024-10-28T13-59-03slice1,28-10-24/slice3,,OPEN,
7,28.10.24,P14,1,slice4,WAHR,wt,?,1.0,5-10-10,5.0,spikes ,36.0,sucrose,10KhZ,0Mg,"1,5",,Stefano,coronal,2024-10-28T14-10-50slice1,28-10-24/slice4,,OPEN,
8,28.10.24,P14,1,slice4,WAHR,wt,,2.0,5-10-10,10.0,,36.0,sucrose,10KhZ,0Mg,"1,5",,Stefano,coronal,2024-10-28T14-34-30slice1,28-10-24/slice4,,OPEN,
9,28.10.24,P14,1,slice4,WAHR,wt,,3.0,5-10-10,10.0,indiviual LFPs,36.0,sucrose,10KhZ,0Mg,"1,5",,Stefano,coronal,2024-10-28T14-51-11slice1,28-10-24/slice4,,OPEN,
10,28.10.24,P14,1,slice5,WAHR,wt,?,1.0,5-10-10,5.0, spikes,36.0,sucrose,10KhZ,0Mg,"1,5",,Stefano,coronal,2024-10-28T15-07-59slice1,28-10-24/slice5,,OPEN,
11,28.10.24,P14,1,slice5,WAHR,wt,,2.0,5-10-10,10.0,"spikes, LFP",36.0,sucrose,10KhZ,0Mg,"1,5",,Stefano,coronal,2024-10-28T15-23-16slice1,28-10-24/slice5,,OPEN,
12,28.10.24,P14,1,slice5,WAHR,wt,,3.0,5-10-10,10.0,LFP,36.0,sucrose,10KhZ,0Mg,"1,5",,Stefano,coronal,2024-10-28T15-45-08slice1,28-10-24/slice5,,OPEN,
13,28.10.24,P14,1,slice5,WAHR,wt,,4.0,extra,5.0,,36.0,sucrose,10KhZ,0Mg,"1,5",,Stefano,coronal,2024-10-28T15-50-41slice1,28-10-24/slice5,,OPEN,
14,29.10.24,P15,2,slice1,FALSCH,wt,,,,,aborted,36.0,sucrose,10KhZ,0Mg,"1,5",,Stefano,coronal,2024-10-29T12-09-06McsRecording,29-10-24\slice1,,OPEN,
15,29.10.24,P15,2,slice2,FALSCH,wt,,,,,no activity,36.0,sucrose,10KhZ,0Mg,"1,5",,Stefano,coronal,,,,OPEN,
16,29.10.24,P15,2,slice3,FALSCH,wt,,,,,no activity,36.0,sucrose,10KhZ,0Mg,"1,5",,Stefano,coronal,2024-10-29T13-14-58McsRecording,,,OPEN,
17,29.10.24,P15,2,slice4,WAHR,wt,,1.0,5-10-10,,"spikes, LFP immediately after placing ",36.0,sucrose,10KhZ,0Mg,"1,5",,Stefano,coronal,2024-10-29T13-31-56McsRecording,29-10-24/slice4,29-10-24\slice4\electrodes_stack,OPEN,
18,29.10.24,P15,2,slice4,WAHR,wt,,2.0,5-10-10,,"spikes, LFP immediately after placing ",36.0,sucrose,10KhZ,0Mg,"1,5",,Stefano,coronal,2024-10-29T13-51-40McsRecording,29-10-24/slice4,29-10-24\slice4\electrodes_stack,OPEN,
19,29.10.24,P15,2,slice4,WAHR,wt,,3.0,5-10-10,,"spikes, LFP immediately after placing ",36.0,sucrose,10KhZ,0Mg,"1,5",,Stefano,coronal,2024-10-29T14-01-04McsRecording,29-10-24/slice4,29-10-24\slice4\electrodes_stack,OPEN,
20,29.10.24,P15,2,slice4,WAHR,wt,,4.0,5-10-10,,"spikes, LFP immediately after placing ",36.0,sucrose,10KhZ,0Mg,"1,5",,Stefano,coronal,2024-10-29T14-06-43McsRecording,29-10-24/slice4,29-10-24\slice4\electrodes_stack,OPEN,
21,29.10.24,P15,2,slice5,FALSCH,wt,,1.0,5-10-10,,,36.0,sucrose,10KhZ,0Mg,"1,5",,Stefano,coronal,2024-10-29T14-24-36McsRecording,29-10-24/slice5,29-10-24\slice5\a-stack,OPEN,
22,29.10.24,P15,2,slice5,FALSCH,wt,,2.0,5-10-10,,,36.0,sucrose,10KhZ,0Mg,"1,5",,Stefano,coronal,2024-10-29T14-30-55McsRecording,29-10-24/slice5,29-10-24\slice5\a-stack,OPEN,
23,29.10.24,P15,2,slice5,FALSCH,wt,,3.0,5-10-10,,,36.0,sucrose,10KhZ,0Mg,"1,5",,Stefano,coronal,2024-10-29T14-43-03McsRecording,29-10-24/slice5,29-10-24\slice5\a-stack,OPEN,
24,29.10.24,P15,2,slice5,FALSCH,wt,,4.0,5-10-10,,,36.0,sucrose,10KhZ,0Mg,"1,5",,Stefano,coronal,2024-10-29T15-03-21McsRecording,29-10-24/slice5,29-10-24\slice5\a-stack,OPEN,
25,29.10.24,P15,2,slice6,FALSCH,wt,,1.0,,,"slice 6th 
no activity after placement
40 min abort - no acivity ",36.0,sucrose,10KhZ,0Mg,"1,5",,Stefano,coronal,2024-10-29T15-41-13McsRecording,29-10-24\slice6,,OPEN,
26,29.10.24,P15,2,slice7,WAHR,wt,,1.0,5-10-10,,"some LFP
after 
extra after 12 min - spikes ",36.0,sucrose,10KhZ,0Mg,"1,5",,Stefano,coronal,2024-10-29T16-07-53McsRecording,29-10-24/slice7,29-10-24\slice7\stack,OPEN,
27,29.10.24,P15,2,slice7,WAHR,wt,,2.0,5-10-10,,detached,36.0,sucrose,10KhZ,0Mg,"1,5",,Stefano,coronal,2024-10-29T16-19-27McsRecording,29-10-24/slice7,29-10-24\slice7\stack,OPEN,
28,30.10.24,P16,3,slice1,WAHR,wt,,1.0,5-10-10,,"spikes, bottom detached
20min good SLEs
40 min looks a bit detached - no acticity, abort after 5 min ",36.0,sucrose,10KhZ,0Mg,"1,5",,Stefano,coronal,2024-10-30T11-12-28McsRecording,30-10-24/slice1,30-10-24\slice1\stack,OPEN,
29,30.10.24,P16,3,slice1,WAHR,wt,,2.0,5-10-10,,,36.0,sucrose,10KhZ,0Mg,"1,5",,Stefano,coronal,2024-10-30T11-28-53McsRecording,30-10-24/slice1,30-10-24\slice1\stack,OPEN,
30,30.10.24,P16,3,slice1,WAHR,wt,,3.0,5-10-10,,,36.0,sucrose,10KhZ,0Mg,"1,5",,Stefano,coronal,2024-10-30T11-49-10McsRecording,30-10-24/slice1,30-10-24\slice1\stack,OPEN,
31,30.10.24,P16,3,slice2,WAHR,wt,,1.0,5-10-10,,"immmediate - spiking 
20 min - no clear acitivity 
40 min - small amplitude SLEs",36.0,sucrose,10KhZ,0Mg,"1,5",,Stefano,coronal,2024-10-30T12-02-30McsRecording,30-10-24/slice2,30-10-24\slice2\stack,OPEN,
32,,P16,3,slice2,WAHR,wt,,2.0,5-10-10,,,36.0,sucrose,10KhZ,0Mg,"1,5",,Stefano,coronal,2024-10-30T12-21-25McsRecording,30-10-24/slice2,30-10-24\slice2\stack,OPEN,
33,,P16,3,slice2,WAHR,wt,,3.0,5-10-10,,,36.0,sucrose,10KhZ,0Mg,"1,5",,Stefano,coronal,2024-10-30T12-43-56McsRecording,30-10-24/slice2,30-10-24\slice2\stack,OPEN,
34,30.10.24,P16,3,slice3,WAHR,wt,,1.0,5-10-10,,spiking + SLEs after placing ,36.0,sucrose,10KhZ,0Mg,"1,5",,Stefano,coronal,2024-10-30T13-00-17McsRecording,30-10-24/slice3,30-10-24\slice3\stack,OPEN,
35,30.10.24,P16,3,slice3,WAHR,wt,,2.0,5-10-10,,,36.0,sucrose,10KhZ,0Mg,"1,5",,Stefano,coronal,2024-10-30T13-21-30McsRecording,30-10-24/slice3,30-10-24\slice3\stack,OPEN,
36,30.10.24,P16,3,slice3,WAHR,wt,,3.0,5-10-10,,,36.0,sucrose,10KhZ,0Mg,"1,5",,Stefano,coronal,2024-10-30T13-44-22McsRecording,30-10-24/slice3,30-10-24\slice3\stack,OPEN,
37,30.10.24,P16,3,slice4,WAHR,wt,,1.0,5-10-10,,"spiking after placing 
noise from the pump in the middle 
",36.0,sucrose,10KhZ,0Mg,"1,5",,Stefano,,2024-10-30T14-24-47McsRecording,30-10-24/slice4,30-10-24\slice4\stack,OPEN,
38,30.10.24,P16,3,slice4,WAHR,wt,,2.0,5-10-10,,,36.0,sucrose,10KhZ,0Mg,"1,5",,Stefano,,2024-10-30T14-45-14McsRecording,30-10-24/slice4,30-10-24\slice4\stack,OPEN,
39,30.10.24,P16,3,slice4,WAHR,wt,,3.0,5-10-10,,,36.0,sucrose,10KhZ,0Mg,"1,5",,Stefano,,2024-10-30T15-04-03McsRecording,30-10-24/slice4,30-10-24\slice4\stack,OPEN,
40,31.10.24,P17,4,slice1,WAHR,wt,,1.0,5-10-10,," spikng, after 20 min nother, after 40 min (aborted after 5min)",36.0,sucrose,10KhZ,0Mg,"1,5",,Oleg,coronal,2024-10-31T11-17-08McsRecording,31-10-24/slice1,31-10-24\slice1\stack,OPEN,
41,31.10.24,P17,4,slice1,WAHR,wt,,2.0,5-10-10,,,36.0,sucrose,10KhZ,0Mg,"1,5",,Oleg,,2024-10-31T11-38-52McsRecording,31-10-24/slice1,31-10-24\slice1\stack,OPEN,
42,31.10.24,P17,4,slice1,WAHR,wt,,3.0,5-10-10,,,,sucrose,10KhZ,0Mg,"1,5",,Oleg,,2024-10-31T11-57-35McsRecording,31-10-24/slice1,31-10-24\slice1\stack,OPEN,
43,31.10.24,P17,4,slice2,WAHR,wt,,1.0,5-10-10,,"spiking, noise from the pump (not a lot o actrivity )",,sucrose,10KhZ,0Mg,"1,5",,Oleg,,2024-10-31T12-07-33McsRecording,31-10-24/slice2,31-10-24\slice2\stack,OPEN,
44,31.10.24,P17,4,slice2,WAHR,wt,,2.0,5-10-10,,,,sucrose,10KhZ,0Mg,"1,5",,Oleg,,2024-10-31T12-26-52McsRecording,31-10-24/slice2,31-10-24\slice2\stack,OPEN,
45,31.10.24,P17,4,slice2,WAHR,wt,,3.0,5-10-10,,,,sucrose,10KhZ,0Mg,"1,5",,Oleg,,2024-10-31T12-46-56McsRecording,31-10-24/slice2,31-10-24\slice2\stack,OPEN,
46,31.10.24,P17,4,slice3,WAHR,wt,,1.0,5-10-10,,"spiking, noise from the pump (not a lot o actrivity )
 slice 3 - spiking right away, extra rec at 17 min ",,sucrose,10KhZ,0Mg,"1,5",,Oleg,,2024-10-31T13-01-29McsRecording,31-10-24/slice3,31-10-24\slice3\stack,OPEN,
47,31.10.24,P17,4,slice3,WAHR,wt,,2.0,5-10-10,,,,sucrose,10KhZ,0Mg,"1,5",,Oleg,,2024-10-31T13-18-34McsRecording,31-10-24/slice3,31-10-24\slice3\stack,OPEN,
48,31.10.24,P17,4,slice3,WAHR,wt,,3.0,5-10-10,,,,sucrose,10KhZ,0Mg,"1,5",,Oleg,,2024-10-31T13-22-14McsRecording,31-10-24/slice3,31-10-24\slice3\stack,OPEN,
49,31.10.24,P17,4,slice3,WAHR,wt,,4.0,5-10-10,,,,sucrose,10KhZ,0Mg,"1,5",,Oleg,,2024-10-31T13-43-06McsRecording,31-10-24/slice3,31-10-24\slice3\stack,OPEN,
50,27.11.24,P14,5,slice1,,wt,male,1.0,5-10-10,,moved the slice after first rec to place cortex; don’t use the first 5min; pictures are taken after replacing; terminated after 30min,36.0,sucrose,10KhZ,0Mg,"2,5",cortex,Oleg,coronal,2024-11-27T11-33-38McsRecording,27-11-24\slice1,27-11-24\slice1\stack-figure,OPEN,
51,27.11.24,P14,5,slice1,,wt,male,2.0,,,,36.0,sucrose,10KhZ,0Mg,"2,5",cortex,Oleg,coronal,2024-11-27T11-52-38McsRecording,27-11-24\slice1,27-11-24\slice1\stack-figure,OPEN,
52,27.11.24,P14,5,slice2,,wt,male,1.0,5-10-10,5.0,,36.0,sucrose,10KhZ,0Mg,"2,5",hpc+ctx,Oleg,coronal,2024-11-27T12-13-39McsRecording,27-11-24\slice2,27-11-24\slice2\stack,OPEN,
53,27.11.24,P14,5,slice2,,wt,male,2.0,,10.0,individual spiking ,36.0,sucrose,10KhZ,0Mg,"2,5",hpc+ctx,Oleg,coronal,2024-11-27T12-34-37McsRecording,27-11-24\slice2,27-11-24\slice2\stack,OPEN,
54,27.11.24,P14,5,slice2,,wt,male,3.0,,10.0,little activity,36.0,sucrose,10KhZ,0Mg,"2,5",hpc+ctx,Oleg,coronal,2024-11-27T12-53-49McsRecording,27-11-24\slice2,27-11-24\slice2\stack,OPEN,
55,27.11.24,P14,5,slice3,,wt,male,1.0,5-10-10,5.0,some spikes,36.0,sucrose,10KhZ,0Mg,"2,5",hpc+ctx,Oleg,coronal,2024-11-27T13-44-11McsRecording,27-11-24\slice3,27-11-24\slice3\image_stack,OPEN,
56,27.11.24,P14,5,slice3,,wt,male,2.0,5-10-10,10.0,LFP + spikes,36.0,sucrose,10KhZ,0Mg,"2,5",hpc+ctx,Oleg,coronal,2024-11-27T14-02-59McsRecording,27-11-24\slice3,27-11-24\slice3\image_stack,OPEN,
57,27.11.24,P14,5,slice3,,wt,male,3.0,5-10-10,17.0,nice long LFPs; extra recording time,36.0,sucrose,10KhZ,0Mg,"2,5",hpc+ctx,Oleg,coronal,2024-11-27T14-23-25McsRecording,27-11-24\slice3,27-11-24\slice3\image_stack,OPEN,
58,27.11.24,P14,5,slice4,,wt,male,1.0,5-10-10,5.0,"activity, some spiking",36.0,sucrose,10KhZ,0Mg,"2,5",hpc+ctx,Oleg,coronal,2024-11-27T14-50-37McsRecording,27-11-24\slice4,27-11-24\slice4\stack,OPEN,
59,27.11.24,P14,5,slice4,,wt,male,2.0,5-10-10,10.0,no more activity ,36.0,sucrose,10KhZ,0Mg,"2,5",hpc+ctx,Oleg,coronal,2024-11-27T15-09-46McsRecording,27-11-24\slice4,27-11-24\slice4\stack,OPEN,
60,27.11.24,P14,5,slice4,,wt,male,3.0,5-10-10,10.0,individual spikes,36.0,sucrose,10KhZ,0Mg,"2,5",hpc+ctx,Oleg,coronal,2024-11-27T15-29-48McsRecording,27-11-24\slice4,27-11-24\slice4\stack,OPEN,
61,28.11.24,P15,6,slice1,,wt,male,1.0,5-10-10,5.0,spiking activity,36.0,sucrose,10KhZ,0Mg,"2,5",hpc+ctx,Uli,coronal,2024-11-28T11-11-59McsRecording,28-11-24\slice1,28-11-24\slice1\a-stack,OPEN,
62,28.11.24,P15,6,slice1,,wt,male,2.0,5-10-10,10.0,spiking activity,36.0,sucrose,10KhZ,0Mg,"2,5",hpc+ctx,Uli,coronal,2024-11-28T11-31-47McsRecording,28-11-24\slice1,28-11-24\slice1\a-stack,OPEN,
63,28.11.24,P15,6,slice1,,wt,male,1.0,5-10-10,10.0,spiking activity,36.0,sucrose,10KhZ,0Mg,"2,5",hpc+ctx,Uli,coronal,2024-11-28T11-51-36McsRecording,28-11-24\slice1,28-11-24\slice1\a-stack,OPEN,
64,28.11.24,P15,6,slice2,,wt,male,1.0,5-10-10,5.0,spiking activity,36.0,sucrose,10KhZ,0Mg,2,,Uli,coronal,2024-11-28T12-10-02McsRecording,28-11-24\slice2,28-11-24\slice2\a_stack,OPEN,
65,28.11.24,P15,6,slice2,,wt,male,2.0,5-10-10,10.0,spiking activity,36.0,sucrose,10KhZ,0Mg,2,,Uli,coronal,2024-11-28T12-29-28McsRecording,28-11-24\slice2,28-11-24\slice2\a_stack,OPEN,
66,28.11.24,P15,6,slice2,,wt,male,3.0,5-10-10,10.0,"LFP + spikes, started at 35 min ",36.0,sucrose,10KhZ,0Mg,2,,Uli,coronal,2024-11-28T12-44-02McsRecording,28-11-24\slice2,28-11-24\slice2\a_stack,OPEN,
67,28.11.24,P15,6,slice3,,wt,male,1.0,5-10-10,5.0,,36.0,sucrose,10KhZ,0Mg,2,,Uli,coronal,2024-11-28T13-02-20McsRecording,28-11-24\slice3,28-11-24\slice3\a-stack,OPEN,
68,28.11.24,P15,6,slice3,,wt,male,2.0,5-10-10,10.0,LFP ; a-stack has both stack and a-stack,36.0,sucrose,10KhZ,0Mg,2,,Uli,coronal,2024-11-28T13-22-04McsRecording,28-11-24\slice3,28-11-24\slice3\a-stack,OPEN,
69,28.11.24,P15,6,slice3,,wt,male,3.0,5-10-10,10.0,,36.0,sucrose,10KhZ,0Mg,2,,Uli,coronal,2024-11-28T13-41-55McsRecording,28-11-24\slice3,28-11-24\slice3\a-stack,OPEN,
70,29.11.24,P16,7,slice1,,mut,male,1.0,5-10-10,5.0,dissection was slow; LFP+ spikes,36.0,sucrose,10KhZ,0Mg,2,,Oleg,coronal,2024-11-29T10-59-33McsRecording,29-11-24\slice1,29-11-24\slice1\a-stack,OPEN,
71,29.11.24,P16,7,slice1,,mut,male,2.0,CSD,1.0,CSD propogation,36.0,sucrose,10KhZ,0Mg,2,,Oleg,coronal,2024-11-29T11-15-36McsRecording,29-11-24\slice1,29-11-24\slice1\a-stack,OPEN,
72,29.11.24,P16,7,slice1,,mut,male,3.0,aborted,1.0,aborted because of pump noise,36.0,sucrose,10KhZ,0Mg,2,,Oleg,coronal,2024-11-29T11-19-33McsRecording,29-11-24\slice1,29-11-24\slice1\a-stack,OPEN,
73,29.11.24,P16,7,slice1,,mut,,4.0,5-10-10,10.0,spikes and aborted afterwards ,36.0,sucrose,10KhZ,0Mg,2,,Oleg,coronal,2024-11-29T11-20-52McsRecording,29-11-24\slice1,29-11-24\slice1\a-stack,OPEN,
74,29.11.24,P16,7,slice2,,mut,male,1.0,5-10-10,5.0,spikes and aborted afterwards ,36.0,sucrose,10KhZ,0Mg,2,,Oleg,coronal,2024-11-29T11-38-28McsRecording,29-11-24\slice2,29-11-24\slice2\stack,OPEN,
75,29.11.24,P16,7,slice2,,mut,male,2.0,CSD,2.0,video of CSD but not clear on MEA,36.0,sucrose,10KhZ,0Mg,2,,Oleg,coronal,2024-11-29T11-47-30McsRecording,29-11-24\slice2,29-11-24\slice2\stack,OPEN,
76,29.11.24,P16,7,slice2,,mut,,3.0,5-10-10,10.0,after CSD,36.0,sucrose,10KhZ,0Mg,2,,Oleg,coronal,2024-11-29T11-58-14McsRecording,29-11-24\slice2,29-11-24\slice2\stack,OPEN,
77,29.11.24,P16,7,slice2,,mut,,4.0,5-10-10,10.0,nice long LFP and seizure like activity,36.0,sucrose,10KhZ,0Mg,2,,Oleg,coronal,2024-11-29T12-18-13McsRecording,29-11-24\slice2,29-11-24\slice2\stack,OPEN,
78,2.12.24,P19,8,slice1,,mut,male,1.0,5-10-10,5.0,spikes and LFPs,36.0,sucrose,10KhZ,0Mg,3,,Oleg,horizontal,2024-12-02T12-22-50McsRecording,2-12-24\slice1,2-12-24\slice1\stack,round,
79,2.12.24,P19,8,slice1,,mut,male,2.0,5-10-10,10.0,spikes and LFPs and almost no activity at the end,36.0,sucrose,10KhZ,0Mg,3,,Oleg,horizontal,2024-12-02T12-42-00McsRecording,2-12-24\slice1,2-12-24\slice1\stack,round,
80,2.12.24,P19,8,slice1,,mut,male,3.0,5-10-10,5.0,no more activity ,36.0,sucrose,10KhZ,0Mg,3,,Oleg,horizontal,2024-12-02T13-02-03McsRecording,2-12-24\slice1,2-12-24\slice1\stack,round,
81,2.12.24,P19,8,slice2,,mut,male,1.0,,2.0,discard,36.0,sucrose,10KhZ,0Mg,3,,Oleg,horizontal,2024-12-02T13-12-16McsRecording,2-12-24\slice2,2-12-24\slice2\stack,round,
82,2.12.24,P19,8,slice2,,mut,male,2.0,5-10-10,5.0,spikes ,36.0,sucrose,10KhZ,0Mg,3,,Oleg,horizontal,2024-12-02T13-15-09McsRecording,2-12-24\slice2,2-12-24\slice2\stack,round,
83,2.12.24,P19,8,slice2,,mut,male,3.0,5-10-10,10.0,Spikes + LFPs → no activity,36.0,sucrose,10KhZ,0Mg,3,,Oleg,horizontal,2024-12-02T13-31-47McsRecording,2-12-24\slice2,2-12-24\slice2\stack,round,
84,2.12.24,P19,8,slice3,,mut,male,1.0,5-10-10,5.0,spikes after that aborted because the slice had flown away,36.0,sucrose,10KhZ,0Mg,2,hpc,Oleg,horizontal,2024-12-02T14-08-35McsRecording,2-12-24\slice3,2-12-24\slice3\stack,Open,
85,2.12.24,P19,8,slice4,,mut,male,1.0,5-10-10,5.0,the slice seem not too viable; spikes?,36.0,sucrose,10KhZ,0Mg,2,hpc,Oleg,horizontal,2024-12-02T14-27-55McsRecording,2-12-24\slice4,2-12-24\slice4\stack,Open,
86,2.12.24,P19,8,slice4,,mut,male,2.0,5-10-10,10.0,Scarce spikes ,36.0,sucrose,10KhZ,0Mg,2,hpc,Oleg,horizontal,2024-12-02T14-46-40McsRecording,2-12-24\slice4,2-12-24\slice4\stack,Open,
87,2.12.24,P19,8,slice4,,mut,male,3.0,5-10-10,7.0,no more activity ,36.0,sucrose,10KhZ,0Mg,2,hpc,Oleg,horizontal,2024-12-02T15-06-17McsRecording,2-12-24\slice4,2-12-24\slice4\stack,Open,
88,2.12.24,P19,8,slice5,,mut,male,1.0,5-10-10,5.0,spikes ,36.0,sucrose,10KhZ,0Mg,2,hpc,Oleg,horizontal,2024-12-02T15-20-40McsRecording,2-12-24\slice5,2-12-24\slice5\stack,round,
89,2.12.24,P19,8,slice5,,mut,male,2.0,5-10-10,10.0,no more activity ,36.0,sucrose,10KhZ,0Mg,2,?,Oleg,horizontal,2024-12-02T15-40-15McsRecording,2-12-24\slice5,2-12-24\slice5\stack,round,
90,3.12.24,P20,9,slice1,,wt,female,1.0,5-10-10,5.0,no activity; small individual LFPs,,sucrose,10KhZ,0Mg,3,hpc,Oleg,horizontal,2024-12-03T10-15-02McsRecording,3-12-24\slice1,3-12-24\slice1\stack,round,
91,3.12.24,P20,9,slice1,,wt,female,2.0,5-10-10,20.0,started aearlier than 20 min (at 15min); Very lagre waves+ LFPs,,sucrose,10KhZ,0Mg,3,hpc,Oleg,horizontal,2024-12-03T10-29-29McsRecording,3-12-24\slice1,3-12-24\slice1\stack,round,
92,3.12.24,P20,9,slice1,,wt,female,3.0,5-10-10,15.0,After 40 min; A lot of nice LFPs,,sucrose,10KhZ,0Mg,3,hpc,Oleg,horizontal,2024-12-03T10-52-02McsRecording,3-12-24\slice1,3-12-24\slice1\stack,round,
93,3.12.24,P20,9,slice2,,wt,female,1.0,5-10-10,5.0,no clear activity,36.0,sucrose,10KhZ,0Mg,3,hpc,Oleg,horizontal,2024-12-03T11-23-24McsRecording,3-12-24\slice2,3-12-24\slice2\stack,round,
94,3.12.24,P20,9,slice2,,wt,female,2.0,5-10-10,15.0,no activity; hpc synchrpony at 25min,,sucrose,10KhZ,0Mg,3,hpc,Oleg,horizontal,2024-12-03T11-43-47McsRecording,3-12-24\slice2,3-12-24\slice2\stack,round,
95,3.12.24,P20,9,slice2,,wt,female,3.0,5-10-10,20.0,Syncronizd activity from hpc,,sucrose,10KhZ,,,,Oleg,horizontal,2024-12-03T12-02-33McsRecording,3-12-24\slice2,3-12-24\slice2\stack,,
96,3.12.24,P20,9,slice3,,wt,female,1.0,5-10-10,5.0,spiking activity,36.0,sucrose,10KhZ,0Mg,3,hpc,Oleg,horizontal,2024-12-03T13-09-59McsRecording,3-12-24\slice3,3-12-24\slice3\stack,round,
97,3.12.24,P20,9,slice3,,wt,,2.0,5-10-10,10.0,"spikes, LFP",36.0,sucrose,10KhZ,0Mg,3,hpc,Oleg,horizontal,2024-12-03T13-29-27McsRecording,3-12-24\slice3,3-12-24\slice3\stack,round,
98,3.12.24,P20,9,slice3,,wt,,3.0,5-10-10,,aborted; No activity ,36.0,sucrose,10KhZ,0Mg,3,hpc,Oleg,horizontal,2024-12-03T13-47-13McsRecording,3-12-24\slice3,3-12-24\slice3\stack,round,
99,3.12.24,P20,9,slice4,,wt,female,1.0,5-10-10,5.0,slice has both hemispheres!no activity ,36.0,sucrose,10KhZ,0Mg,3,hpc,Oleg,horizontal,2024-12-03T13-55-42McsRecording,3-12-24\slice4,3-12-24\slice4\stack,round,
100,3.12.24,P20,9,slice4,,wt,female,2.0,5-10-10,10.0,slice has both hemispheres! Harp is removed; no activity; abort,36.0,sucrose,10KhZ,0Mg,3,hpc,Oleg,horizontal,2024-12-03T14-15-41McsRecording,3-12-24\slice4,3-12-24\slice4\stack,round,
101,17.3.25,P14,10,slice1,,?,female,1.0,5-10-10,5.0,No activity; the mouse was not looking good,37.0,sucrose,10KhZ,0Mg,3,cortex,Oleg,horizontal,2025-03-17T11-12-24McsRecording,17-3-25\slice1,17-3-25\slice1\stack,OPEN,
102,17.3.25,P14,10,slice1,,?,female,2.0,5-10-10,10.0,LFP,37.0,sucrose,10KhZ,0Mg,3,,Oleg,horizontal,2025-03-17T11-29-22McsRecording,17-3-25\slice1,17-3-25\slice1\stack,OPEN,
103,17.3.25,P14,10,slice1,,?,female,3.0,5-10-10,10.0,LFP,37.0,sucrose,10KhZ,0Mg,3,,Oleg,horizontal,2025-03-17T11-47-10McsRecording,17-3-25\slice1,17-3-25\slice1\stack,OPEN,
104,17.3.25,P14,10,slice2,,?,female,1.0,5-10-10,5.0,LFP?,37.0,sucrose,10KhZ,0Mg,3,cortex,Oleg,horizontal,2025-03-17T12-05-04McsRecording,17-3-25\slice2,17-3-25\slice2\stack,OPEN,
105,17.3.25,P14,10,slice2,,?,female,2.0,5-10-10,10.0,,37.0,sucrose,10KhZ,0Mg,3,,Oleg,horizontal,2025-03-17T12-24-13McsRecording,17-3-25\slice2,17-3-25\slice2\stack,OPEN,
106,17.3.25,P14,10,slice2,,?,female,3.0,5-10-10,10.0,,37.0,sucrose,20KhZ,0Mg,3,,Oleg,horizontal,2025-03-17T12-43-21McsRecording,17-3-25\slice2,17-3-25\slice2\stack,OPEN,
107,17.3.25,P14,10,slice2,,?,female,4.0,5-10-10,2.0,To compare with fs 10khz; some extra two files afterwards?,37.0,sucrose,10KhZ,0Mg,3,cortex,Oleg,horizontal,2025-03-17T12-53-56McsRecording,17-3-25\slice2,17-3-25\slice2\stack,OPEN,
108,17.3.25,P14,10,slice3,,?,female,1.0,5-10-10,5.0,,37.0,sucrose,20KhZ,0Mg,3,,Oleg,horizontal,2025-03-17T13-11-06McsRecording,17-3-25\slice3,17-3-25\slice3\stack,OPEN,
109,17.3.25,P14,10,slice3,,?,female,2.0,5-10-10,10.0,"active, spikes, but no network activity",37.0,sucrose,20KhZ,0Mg,3,,Oleg,horizontal,2025-03-17T13-24-33McsRecording,17-3-25\slice3,17-3-25\slice3\stack,OPEN,
110,17.3.25,P14,10,slice4,,?,female,1.0,5-10-10,5.0,,37.0,sucrose,20KhZ,0Mg,3,,Oleg,horizontal,2025-03-17T13-53-21McsRecording,17-3-25\slice4,17-3-25\slice4\stack,OPEN,
111,17.3.25,P14,10,slice4,,?,female,2.0,5-10-10,10.0,"spikes, LFP at the end ",37.0,sucrose,20KhZ,0Mg,3,,Oleg,horizontal,2025-03-17T14-12-29McsRecording,17-3-25\slice4,17-3-25\slice4\stack,OPEN,
112,17.3.25,P14,10,slice4,,?,female,3.0,5-10-10,10.0,Seizure-like LFP 2X,37.0,sucrose,20KhZ,0Mg,3,,Oleg,horizontal,2025-03-17T14-28-18McsRecording,17-3-25\slice4,17-3-25\slice4\stack,OPEN,
113,17.3.25,P14,10,slice5,,?,female,1.0,5-10-10,5.0,silent; Abort,36.0,sucrose,20KhZ,0Mg,3,,Oleg,horizontal,2025-03-17T14-47-33McsRecording,17-3-25\slice5,17-3-25\slice5\stack,OPEN,
114,17.3.25,P14,10,slice6,,?,female,1.0,5-10-10,5.0,spikes; Only hpc is visible ; abort no activity at 20min,36.0,sucrose,20KhZ,0Mg,3,,Oleg,horizontal,2025-03-17T15-16-28McsRecording,17-3-25\slice6,17-3-25\slice6\stack,OPEN,
115,18.3.25,P15,11,slice1,,?,?,1.0,5-10-10,5.0,spikes; long placing,36.0,sucrose,20KhZ,0Mg,3,,Oleg,horizontal,2025-03-18T12-08-33McsRecording,18-3-25\slice1,18-3-25\slice1\stack,round,
116,18.3.25,P15,11,slice1,,?,?,2.0,5-10-10,10.0,"spikes, LF; Possibly a CSD",36.0,sucrose,20KhZ,0Mg,3,,Oleg,horizontal,2025-03-18T12-19-34McsRecording,18-3-25\slice1,18-3-25\slice1\stack,round,
117,18.3.25,P15,11,slice1,,?,?,3.0,5-10-10,20.0,some LFPs in subiculum or para hippocampal cortex; high LFP activtiy at 40 min,36.0,sucrose,20KhZ,0Mg,3,,Oleg,horizontal,2025-03-18T12-39-10McsRecording,18-3-25\slice1,18-3-25\slice1\stack,round,
118,18.3.25,P15,11,slice2,,?,?,1.0,5-10-10,5.0,HPC lfp,36.0,sucrose,10khZ,0Mg,3,,Oleg,horizontal,2025-03-18T13-14-03McsRecording,18-3-25\slice2,18-3-25\slice2\stack,OPEN,
119,18.3.25,P15,11,slice2,,?,?,2.0,5-10-10,10.0,HPC lfp,36.0,sucrose,20KhZ,0Mg,3,,Oleg,horizontal,2025-03-18T13-32-32McsRecording,18-3-25\slice2,18-3-25\slice2\stack,OPEN,
120,18.3.25,P15,11,slice2,,?,?,3.0,5-10-10,10.0,HPC lfp,36.0,sucrose,20KhZ,0Mg,3,,Oleg,horizontal,2025-03-18T13-52-04McsRecording,18-3-25\slice2,18-3-25\slice2\stack,OPEN,
121,18.3.25,P15,11,slice3,,?,?,1.0,5-10-10,5.0,some spikes at the beginning but otherwise silent,36.0,sucrose,20KhZ,0Mg,3,,Oleg,horizontal,2025-03-18T14-15-04McsRecording,18-3-25\slice3,18-3-25\slice3\stack,OPEN,
122,18.3.25,P15,11,slice3,,?,?,2.0,5-10-10,10.0,good generalized LFPs,36.0,sucrose,20KhZ,0Mg,3,,Oleg,horizontal,2025-03-18T14-35-42McsRecording,18-3-25\slice3,18-3-25\slice3\stack,OPEN,
123,18.3.25,P15,11,slice3,,?,?,3.0,5-10-10,20.0,started at 34 min ,36.0,sucrose,20KhZ,0Mg,3,,Oleg,horizontal,2025-03-18T14-47-59McsRecording,18-3-25\slice3,18-3-25\slice3\stack,OPEN,
124,18.3.25,P15,11,slice4,,?,?,1.0,5-10-10,5.0,spikes,36.0,sucrose,20KhZ,0Mg,3,,Oleg,horizontal,2025-03-18T15-12-04McsRecording,18-3-25\slice4,18-3-25\slice4\stack,OPEN,
125,18.3.25,P15,11,slice4,,?,?,2.0,5-10-10,10.0,,36.0,sucrose,20KhZ,0Mg,3,,Oleg,horizontal,2025-03-18T15-28-14McsRecording,18-3-25\slice4,18-3-25\slice4\stack,OPEN,
126,18.3.25,P15,11,slice4,,?,?,3.0,5-10-10,20.0,Started directly after 30 min,36.0,sucrose,20KhZ,0Mg,3,,Oleg,horizontal,2025-03-18T15-40-06McsRecording,18-3-25\slice4,18-3-25\slice4\stack,OPEN,
127,20.3.25,P17,12,slice1,,?,?,1.0,5-10-10,3.0,"silent; silent after 20 min, abort ",36.0,sucrose,20KhZ,0Mg,3,,Oleg,horizontal,2025-03-20T11-44-28McsRecording,20-3-25\slice1,20-3-25\slice1\stack,OPEN,
128,20.3.25,P17,12,slice2,,?,?,1.0,5-10-10,3.0,silent; Abort,36.0,sucrose,20KhZ,0Mg,3,,Oleg,horizontal,2025-03-20T12-08-00McsRecording,20-3-25\slice2,NONE,OPEN,
129,20.3.25,P17,12,slice3,,?,?,1.0,5-10-10,5.0,"spikes, noisy LFP; corical LFPs",36.0,sucrose,20KhZ,0Mg,3,,Oleg,horizontal,2025-03-20T12-21-44McsRecording,20-3-25\slice3,20-3-25\slice3\stack,OPEN,
130,20.3.25,P17,12,slice3,,?,?,2.0,5-10-10,5.0,5 min only!!!,36.0,sucrose,20KhZ,0Mg,3,,Oleg,horizontal,2025-03-20T12-40-07McsRecording,20-3-25\slice3,20-3-25\slice3\stack,OPEN,
131,20.3.25,P17,12,slice3,,?,?,3.0,5-10-10,10.0,can be merged with the previous one,36.0,sucrose,20KhZ,0Mg,3,,Oleg,horizontal,2025-03-20T12-46-23McsRecording,20-3-25\slice3,20-3-25\slice3\stack,OPEN,
132,20.3.25,P17,12,slice3,,?,?,4.0,5-10-10,10.0,nice LFPs,36.0,sucrose,10KhZ,0Mg,3,,Oleg,horizontal,2025-03-20T12-57-12McsRecording,20-3-25\slice3,20-3-25\slice3\stack,OPEN,
133,20.3.25,P17,12,slice4,,?,?,1.0,5-10-10,5.0,spking in D5,36.0,sucrose,20KhZ,0Mg,3,,Oleg,horizontal,2025-03-20T13-31-33McsRecording,20-3-25\slice4,20-3-25\slice4\stack,OPEN,
134,20.3.25,P17,12,slice4,,?,?,2.0,5-10-10,10.0,LFP,36.0,sucrose,20KhZ,0Mg,3,,Oleg,horizontal,2025-03-20T13-47-29McsRecording,20-3-25\slice4,20-3-25\slice4\stack,OPEN,
135,20.3.25,P17,12,slice4,,?,?,3.0,5-10-10,10.0,started at 38 min,36.0,sucrose,20KhZ,0Mg,3,,Oleg,horizontal,2025-03-20T14-07-28McsRecording,20-3-25\slice4,20-3-25\slice4\stack,OPEN,
136,20.3.25,P17,12,slice5,,?,?,1.0,5-10-10,5.0,long adjustment,36.0,sucrose,20KhZ,0Mg,3,,Oleg,horizontal,2025-03-20T14-27-07McsRecording,20-3-25\slice5,20-3-25\slice5\stack,OPEN,
137,20.3.25,P17,12,slice5,,?,?,2.0,5-10-10,10.0,low amplutiude,36.0,sucrose,20KhZ,0Mg,3,,Oleg,horizontal,2025-03-20T14-42-58McsRecording,20-3-25\slice5,20-3-25\slice5\stack,OPEN,
138,20.3.25,P17,12,slice5,,?,?,3.0,5-10-10,3.0,started at 33 min after seizure onset ,36.0,sucrose,20KhZ,0Mg,3,,Oleg,horizontal,2025-03-20T14-56-13McsRecording,20-3-25\slice5,20-3-25\slice5\stack,OPEN,
139,20.3.25,P17,12,slice5,,?,?,4.0,5-10-10,10.0,LFP + seizure,36.0,sucrose,20KhZ,0Mg,3,,Oleg,horizontal,2025-03-20T15-02-51McsRecording,20-3-25\slice5,20-3-25\slice5\stack,OPEN,
140,20.3.25,P17,12,slice6,,?,?,1.0,5-10-10,5.0,silent; LFP,36.0,sucrose,20KhZ,0Mg,3,,Oleg,horizontal,2025-03-20T15-19-24McsRecording,20-3-25\slice6,20-3-25\slice6\stack,OPEN,
141,20.3.25,P17,12,slice6,,?,?,2.0,5-10-10,10.0, LFPs,36.0,sucrose,20KhZ,0Mg,3,,Oleg,horizontal,2025-03-20T15-40-59McsRecording,20-3-25\slice6,20-3-25\slice6\stack,OPEN,
142,20.3.25,P17,12,slice6,,?,?,3.0,5-10-10,10.0,,36.0,sucrose,20KhZ,0Mg,3,,Oleg,horizontal,2025-03-20T15-58-22McsRecording,20-3-25\slice6,20-3-25\slice6\stack,OPEN,
143,21.3.25,P18,13,slice1,,?,male,1.0,5-10-10,5.0,spikes,36.0,sucrose,20KhZ,0Mg,3,hpc,Uli,horizontal,2025-03-21T10-30-21McsRecording,21-3-25\slice1,21-3-25\slice1\stack,OPEN,
144,21.3.25,P18,13,slice1,,?,male,2.0,5-10-10,10.0," LFP, Noise at around 6 min",36.0,sucrose,20KhZ,0Mg,3,hpc,Uli,horizontal,2025-03-20T15-40-59McsRecording,21-3-25\slice1,21-3-25\slice1\stack,OPEN,
145,21.3.25,P18,13,slice1,,?,male,3.0,5-10-10,8.0,No activity;,36.0,sucrose,20KhZ,0Mg,3,hpc,Uli,horizontal,2025-03-21T11-09-44McsRecording,21-3-25\slice1,21-3-25\slice1\stack,OPEN,
146,21.3.25,P18,13,slice2,,?,male,1.0,5-10-10,5.0,"spikes, LFPs",36.0,sucrose,20KhZ,0Mg,3,hpc,Uli,horizontal,2025-03-21T11-22-54McsRecording,21-3-25\slice2,21-3-25\slice2\stack-e,OPEN,
147,21.3.25,P18,13,slice2,,?,male,2.0,extra,1.0,At 10 min,36.0,sucrose,20KhZ,0Mg,3,hpc,Uli,horizontal,2025-03-21T11-33-19McsRecording,21-3-25\slice2,21-3-25\slice2\stack-e,OPEN,
148,21.3.25,P18,13,slice2,,?,male,3.0,5-10-10,10.0,Large long ,36.0,sucrose,20KhZ,0Mg,3,hpc,Uli,horizontal,2025-03-21T11-41-42McsRecording,21-3-25\slice2,21-3-25\slice2\stack-e,OPEN,
149,21.3.25,P18,13,slice2,,?,male,4.0,5-10-10,,,36.0,sucrose,20KhZ,0Mg,3,hpc,Uli,horizontal,2025-03-21T12-02-22McsRecording,21-3-25\slice2,21-3-25\slice2\stack-e,OPEN,
150,21.3.25,P18,13,slice3,,?,male,1.0,5-10-10,5.0,The picture is missing!!! the active electrodes are above hpc,36.0,sucrose,20KhZ,0Mg,3,hpc,Uli,horizontal,2025-03-21T12-20-48McsRecording,21-3-25\slice3,,OPEN,
151,21.3.25,P18,13,slice3,,?,male,,20-30,,Started at 20 min; recording until 50 min continuously,36.0,sucrose,20KhZ,0Mg,3,hpc,Uli,horizontal,2025-03-21T12-42-43McsRecording,21-3-25\slice3,,OPEN,
152,21.3.25,P18,13,slice4,,?,male,1.0,5-10-10,5.0,spikes ,36.0,sucrose,20KhZ,0Mg,3,hpc,Uli,horizontal,2025-03-21T13-20-16McsRecording,21-3-25\slice4,21-3-25\slice4\stack,OPEN,
153,21.3.25,P18,13,slice4,,?,male,2.0,10-40,40.0,"After 10 min, rec for 40 min; at 33 min not active  ",36.0,sucrose,20KhZ,0Mg,3,hpc,Uli,horizontal,2025-03-21T13-29-38McsRecording,21-3-25\slice4,21-3-25\slice4\stack,OPEN,
154,21.3.25,P18,13,slice5,,?,male,1.0,5-10-10,5.0,DAC is -5min started,36.0,sucrose,20KhZ,0Mg,3,hpc,Uli,horizontal,2025-03-21T14-11-06McsRecording,21-3-25\slice5,21-3-25\slice5\stack,OPEN,
155,21.3.25,P18,13,slice5,,?,male,2.0,10-40,40.0,"After 10 min, rec for 40 min;  pump noise around 17min; spoild recording",36.0,sucrose,20KhZ,0Mg,3,hpc,Uli,horizontal,2025-03-21T14-18-05McsRecording,21-3-25\slice5,21-3-25\slice5\stack,OPEN,
156,21.3.25,P18,13,slice6,,?,male,1.0,5-10-10,5.0,spikes,36.0,sucrose,20KhZ,0Mg,3,hpc,Uli,horizontal,2025-03-21T14-42-46McsRecording,21-3-25\slice6,21-3-25\slice6\stack,OPEN,
157,21.3.25,P18,13,slice6,,?,male,2.0,10-40,60.0,Very nice and very long recording with phase transitions,36.0,sucrose,20KhZ,0Mg,3,hpc,Uli,horizontal,2025-03-21T14-52-28McsRecording,21-3-25\slice6,21-3-25\slice6\stack,OPEN,
158,25.3.25,P19,14,slice1,,?,male,1.0,5-10-10,6.0,"some spikes, pump noise! H4 and G5 are noisy",36.0,sucrose,20KhZ,0Mg,3,hpc,Uli,horizontal,2025-03-25T10-53-17McsRecording,25-3-25\slice1,25-3-25\slice1\stack,OPEN,
159,25.3.25,P19,14,slice1,,?,male,2.0,10-40,40.0,SLE at 8 min and a lot of SLEs afterwards,36.0,sucrose,20KhZ,0Mg,3,hpc,Oleg,horizontal,2025-03-25T11-07-24McsRecording,25-3-25\slice1,25-3-25\slice1\stack,OPEN,
160,25.3.25,P19,14,slice2,,?,male,1.0,5-10-10,5.0,no activity; mb some spiking ,36.0,sucrose,20KhZ,0Mg,3,hpc,Oleg,horizontal,2025-03-25T12-19-52McsRecording,25-3-25\slice2,25-3-25\slice2\stack,OPEN,
161,25.3.25,P19,14,slice2,,?,male,2.0,10-40,10.0,No activity;,36.0,sucrose,20KhZ,0Mg,3,hpc,Oleg,horizontal,2025-03-25T12-30-22McsRecording,25-3-25\slice2,25-3-25\slice2\stack,OPEN,
162,25.3.25,P19,14,slice3,,?,male,1.0,5-10-10,22.0,individual spikes;noise from camera at 14 min no activity,36.0,sucrose,20KhZ,0Mg,3,hpc,Oleg,horizontal,2025-03-25T12-47-22McsRecording,25-3-25\slice3,25-3-25\slice3\stack,OPEN,
163,25.3.25,P19,14,slice4,,?,male,1.0,5-10-10,5.0,single spikes,36.0,sucrose,20KhZ,0Mg,3,hpc,Oleg,horizontal,2025-03-25T13-15-56McsRecording,25-3-25\slice4,25-3-25\slice4\stack,OPEN,
164,25.3.25,P19,14,slice4,,?,male,2.0,10-40,60.0,started at 13 min; by 10 min only spikes; long bursts only after an hour ,36.0,sucrose,20KhZ,0Mg,3,hpc,Oleg,horizontal,2025-03-25T13-27-56McsRecording,25-3-25\slice4,25-3-25\slice4\stack,OPEN,
165,25.3.25,P19,14,slice5,,?,male,1.0,5-10-10,5.0,no clear activity,36.0,sucrose,20KhZ,0Mg,3,hpc,Oleg,horizontal,2025-03-25T14-33-58McsRecording,25-3-25\slice5,25-3-25\slice5\stack,OPEN,
166,25.3.25,P19,14,slice5,,?,male,2.0,10-40,60.0,only spikes; LFP later; large event at 40 min; recording is very long 1.2h  ,36.0,sucrose,20KhZ,0Mg,3,hpc,Oleg,horizontal,2025-03-25T14-43-18McsRecording,25-3-25\slice5,25-3-25\slice5\stack,OPEN,
167,26.3.25,P20,15,slice1,,?,male,1.0,5-10-10,5.0,"spikes, single LFPs, very nice quality; slice is slightly non standard-- beginning of dorsal hpc",36.0,sucrose,20KhZ,0Mg,3,hpc,Oleg,horizontal,2025-03-26T10-37-19McsRecording,26-3-25\slice1,26-3-25\slice1\stack,OPEN,
168,26.3.25,P20,15,slice1,,?,male,2.0,10-40,60.0,no activity at 10 min; at 34 min LFPs,36.0,sucrose,20KhZ,0Mg,3,hpc,Oleg,horizontal,2025-03-26T10-46-39McsRecording,26-3-25\slice1,26-3-25\slice1\stack,OPEN,
169,26.3.25,P20,15,slice2,,?,male,1.0,5-10-10,5.0,no activity; longer beginning because amplifier did not want to start,36.0,sucrose,20KhZ,0Mg,3,hpc,Oleg,horizontal,2025-03-26T12-20-02McsRecording,26-3-25\slice2,26-3-25\slice2\stack,OPEN,
170,26.3.25,P20,15,slice2,,?,male,2.0,10-40,50.0,"started at 15 min Spill some spiking at 0 min, only some LFPs",36.0,sucrose,20KhZ,0Mg,3,hpc,Oleg,horizontal,2025-03-26T12-35-24McsRecording,26-3-25\slice2,26-3-25\slice2\stack,OPEN,
171,26.3.25,P20,15,slice3,,?,male,1.0,5-10-10,5.0,spiking,36.0,sucrose,20KhZ,0Mg,3,hpc,Oleg,horizontal,2025-03-26T13-30-35McsRecording,26-3-25\slice3,26-3-25\slice3\stack2,OPEN,
172,26.3.25,P20,15,slice4,,?,male,2.0,10-40,50.0,spikes at the beginnning at 10 min; Some LFPs ,36.0,sucrose,20KhZ,0Mg,3,hpc,Oleg,horizontal,2025-03-26T13-41-55McsRecording,26-3-25\slice3,26-3-25\slice3\stack2,OPEN,
173,26.3.25,P20,15,slice4,,?,male,1.0,5-10-10,5.0,spikes,36.0,sucrose,20KhZ,0Mg,3,hpc,Oleg,horizontal,2025-03-26T14-36-14McsRecording,26-3-25\slice4,26-3-25\slice4\stack,OPEN,
174,26.3.25,P20,15,slice4,,?,male,2.0,10-40,20.0,CSD at3 min + Video; Abort at 20 min. No activity ,36.0,sucrose,20KhZ,0Mg,3,hpc,Oleg,horizontal,2025-03-26T14-49-20McsRecording,26-3-25\slice4,26-3-25\slice4\stack,OPEN,
175,26.3.25,P20,15,slice5,,?,male,1.0,5-10-10,5.0,no activity ,36.0,sucrose,20KhZ,0Mg,3,hpc,Oleg,horizontal,2025-03-26T15-20-01McsRecording,26-3-25\slice5,26-3-25\slice5\stack,OPEN,
176,26.3.25,P20,15,slice5,,?,male,,10-40,20.0,no activity ,36.0,sucrose,20KhZ,0Mg,3,hpc,Oleg,horizontal,2025-03-26T15-29-35McsRecording,26-3-25\slice5,26-3-25\slice5\stack,OPEN,
177,26.3.25,P20,15,slice6,,?,male,1.0,5-10-10,5.0,More dorsal parts of hpc,36.0,sucrose,20KhZ,0Mg,3,hpc,Oleg,horizontal,2025-03-26T15-45-41McsRecording,26-3-25\slice6,26-3-25\slice6\stack,OPEN,
178,26.3.25,P20,15,slice6,,?,male,2.0,10-40,,spiking at the beginnning; CSD at around 13 min (rec 20ms frames) ; no activity after,36.0,sucrose,20KhZ,0Mg,3,hpc,Oleg,horizontal,2025-03-26T15-54-35McsRecording,26-3-25\slice6,26-3-25\slice6\stack,OPEN,
179,26.3.25,P20,15,slice7,,?,male,,5-10-10,5.0,C10 is noisy,36.0,sucrose,20KhZ,0Mg,3,hpc,Oleg,horizontal,2025-03-26T16-19-27McsRecording,26-3-25\slice7,26-3-25\slice7\stack,OPEN,
180,26.3.25,P20,15,slice7,,?,male,,5-10-10,60.0,C10 is noisy,36.0,sucrose,20KhZ,0Mg,3,hpc,Oleg,horizontal,2025-03-26T16-29-14McsRecording,26-3-25\slice7,26-3-25\slice7\stack,OPEN,
